t,O,N
1988/7/21,Mc Fv,38
1987/7/23,Ëv ,39
2012/7/1,얼 ,32
1993/12/15, C,54
2022/9/23,cR q,50
1991/2/21,| Y,32
1988/6/22,J ԙz,51
2012/1/12, Y,39
1983/6/17, aL,29
2022/12/9,v ,21
2023/3/24, N,8
2009/1/4,Č at,25
2007/9/9, ,26
1974/4/28,X I,34
1988/3/14,J b,22
2024/1/2, ,35
1985/12/5,p z,39
2003/3/26, y,38
2012/7/19,c ,12
1995/11/29,FJ ,26
1996/9/9, j,32
1986/3/20,L M,11
2005/10/4,c g,29
2021/9/29,Ö _r,20
2001/9/9, [,40
2003/2/8,X Y,20
2022/11/18,{ ^ޔ,9
2022/12/29,单 b,30
2014/4/14,h O,58
1976/2/13,V ʉ,4